_id,index,guid,isActive,balance,picture,age,eyeColor,name/first,name/last,company,email,phone,address,about,registered,latitude,longitude,tags/0,tags/1,tags/2,tags/3,tags/4,range/0,range/1,range/2,range/3,range/4,range/5,range/6,range/7,range/8,range/9,friends/0/id,friends/0/name,friends/1/id,friends/1/name,friends/2/id,friends/2/name,greeting,favoriteFruit
5db32d37f1e721cb372ed4bf,0,2b325c01-85f0-4a27-8826-cb30078d1cb3,false,"$2,483.91",http://placehold.it/32x32,37,blue,Violet,Ray,TERSANKI,violet.ray@tersanki.com,+1 (879) 522-2272,"478 Brooklyn Avenue, Dundee, Wisconsin, 3664",Et quis aute occaecat ex velit quis fugiat ipsum pariatur proident do velit. Velit consequat ut excepteur non reprehenderit enim duis irure tempor. Enim deserunt culpa ipsum deserunt reprehenderit. Dolor ex laboris tempor incididunt eu laborum consequat nulla duis non. Duis amet cupidatat adipisicing eiusmod mollit aute. Et laboris dolor occaecat exercitation dolor est excepteur magna velit aliqua.,"Monday, April 20, 2015 1:56 PM",79.067204,36.025934,eiusmod,officia,laborum,tempor,magna,0,1,2,3,4,5,6,7,8,9,0,Patterson Hubbard,1,Callahan Myers,2,Castro Vinson,"Hello, Violet! You have 10 unread messages.",strawberry
5db32d37785296fe6d8e402e,1,e74058fd-45ae-432b-b739-2756a6726e57,false,"$2,881.05",http://placehold.it/32x32,35,blue,Araceli,Tate,ORBIFLEX,araceli.tate@orbiflex.me,+1 (989) 451-2879,"413 Otsego Street, Delwood, Guam, 9988",Consequat id elit anim occaecat officia dolor excepteur enim mollit voluptate labore cillum in. Ullamco eiusmod culpa dolor adipisicing adipisicing velit eu. Minim mollit adipisicing laborum officia ipsum exercitation consectetur dolore ex aliquip. Fugiat sit eu id velit adipisicing exercitation ea eiusmod sint laboris irure. Eu consequat nulla enim est ipsum velit ea sit laborum eu voluptate quis exercitation.,"Wednesday, October 11, 2017 4:37 AM",10.053164,-129.251202,commodo,labore,aliquip,aute,esse,0,1,2,3,4,5,6,7,8,9,0,Barrett Jones,1,Frost Franco,2,Bonner Oneil,"Hello, Araceli! You have 8 unread messages.",apple
5db32d37a0ad3fb0c35dd61c,2,76513548-c8ca-4ee4-a275-22f4566f6a2c,true,"$2,563.45",http://placehold.it/32x32,21,blue,Dorothea,Harrison,INVENTURE,dorothea.harrison@inventure.io,+1 (919) 471-3946,"570 Schermerhorn Street, Enetai, Idaho, 3011",Sunt consequat excepteur veniam ullamco esse anim dolor nostrud minim excepteur deserunt officia. Mollit pariatur consectetur magna deserunt duis ullamco eiusmod labore. In pariatur Lorem in commodo ex consequat dolore. Irure anim officia aliquip fugiat duis commodo proident minim est. Aliqua laborum exercitation laboris do commodo. Nostrud excepteur quis officia non.,"Saturday, February 20, 2016 3:01 AM",-21.936275,74.819878,anim,officia,qui,Lorem,cupidatat,0,1,2,3,4,5,6,7,8,9,0,Mosley Mcbride,1,Dalton Hodges,2,Danielle Arnold,"Hello, Dorothea! You have 5 unread messages.",banana
5db32d375fe56bcbc90b617b,3,bdc34fe5-5deb-4e84-bb65-5d82028ec763,true,"$1,938.65",http://placehold.it/32x32,21,brown,Fulton,Aguirre,CODAX,fulton.aguirre@codax.info,+1 (857) 510-2986,"770 Nostrand Avenue, Nicut, New Jersey, 5804",Ut sint excepteur nostrud do aliquip id veniam adipisicing Lorem nulla ut nisi. Id elit anim veniam anim excepteur dolor incididunt veniam voluptate eu nostrud culpa duis. Do cillum eu eu duis.,"Monday, November 13, 2017 9:50 AM",-32.896266,32.490469,laborum,magna,qui,anim,commodo,0,1,2,3,4,5,6,7,8,9,0,Teri Perry,1,Melva Burton,2,Rivera Short,"Hello, Fulton! You have 5 unread messages.",strawberry
5db32d376cab80a5f2023c33,4,ee0ee3b9-2017-4ae7-ac3a-06d7a66a28dd,true,"$3,262.44",http://placehold.it/32x32,25,blue,Misty,Zimmerman,BLEENDOT,misty.zimmerman@bleendot.co.uk,+1 (801) 557-2003,"553 Bainbridge Street, Brule, Michigan, 9066",Aliquip cillum consectetur cillum sunt culpa minim aliqua fugiat officia. Sit eu occaecat adipisicing ullamco nulla qui aute officia ea deserunt nisi dolore id. Cillum aute minim sit consectetur officia. Dolor sint cupidatat officia excepteur eu commodo sint est.,"Friday, July 26, 2019 8:53 AM",52.830714,41.663126,esse,ad,eu,esse,tempor,0,1,2,3,4,5,6,7,8,9,0,Wiggins Solis,1,Susanne Hart,2,Camille Salinas,"Hello, Misty! You have 9 unread messages.",banana
5db32d373efb8e51813663d8,5,c16374af-5321-4a66-864c-f9ef36e88220,false,"$3,528.43",http://placehold.it/32x32,33,blue,Lenora,Russell,DECRATEX,lenora.russell@decratex.net,+1 (923) 510-2967,"386 Paerdegat Avenue, Bancroft, Washington, 5402",Sunt amet sunt ut cupidatat laboris magna est. Nostrud tempor nulla fugiat nulla pariatur non quis non. Exercitation laborum cillum mollit mollit dolor sit velit nisi proident id ut. Est enim qui irure ex. Elit labore ipsum exercitation aliqua exercitation id non commodo magna dolore nisi nulla. Labore Lorem mollit esse culpa consectetur mollit pariatur.,"Tuesday, May 26, 2015 9:14 PM",-85.83316,49.997755,aute,eiusmod,quis,adipisicing,mollit,0,1,2,3,4,5,6,7,8,9,0,Terrell Bonner,1,Shelly Robles,2,Lee Sullivan,"Hello, Lenora! You have 5 unread messages.",apple
5db32d3788c64b5ec5b4adf8,6,ccfa803d-c4ff-4472-9d2c-a5724ab5c49c,true,"$3,458.38",http://placehold.it/32x32,23,green,Sallie,Mercer,FLUM,sallie.mercer@flum.biz,+1 (933) 482-2530,"982 Butler Street, Monument, Nevada, 3426",Exercitation ullamco elit laboris id aute minim nulla reprehenderit adipisicing. Excepteur culpa ex ad consectetur mollit cillum exercitation sunt Lorem sit anim excepteur est. Veniam in exercitation qui et enim. Non aliquip aliqua esse cillum elit voluptate ullamco excepteur aliqua velit.,"Tuesday, April 7, 2015 1:38 PM",-66.9848,117.438143,consequat,do,Lorem,irure,cillum,0,1,2,3,4,5,6,7,8,9,0,Lawanda Chang,1,Macias Cunningham,2,Janine Vega,"Hello, Sallie! You have 7 unread messages.",banana
5db32d37f0163fc38cd062c3,7,485bddc4-18eb-4a5f-b0d7-5574eee6ea72,false,"$2,063.31",http://placehold.it/32x32,24,green,Rosa,Graham,ENDIPIN,rosa.graham@endipin.name,+1 (988) 402-2556,"105 Agate Court, Allison, Maryland, 7502",Est adipisicing minim consectetur eiusmod irure excepteur. Laboris minim sit enim amet dolor laboris deserunt excepteur aute tempor. Sint quis commodo laboris magna in voluptate laborum magna id mollit.,"Monday, September 11, 2017 8:20 AM",48.785272,-39.614329,mollit,sint,ea,ipsum,Lorem,0,1,2,3,4,5,6,7,8,9,0,Isabelle Klein,1,Finley Holloway,2,Ladonna Ross,"Hello, Rosa! You have 9 unread messages.",apple
5db32d37b29afb6a7b951fc2,8,0c8ef36d-3554-432a-8a03-db520607aadb,true,"$2,342.96",http://placehold.it/32x32,38,blue,Pratt,Ortega,BITENDREX,pratt.ortega@bitendrex.tv,+1 (826) 490-2528,"119 Union Avenue, Linganore, Texas, 2222",Aute labore duis eiusmod labore ut. Occaecat dolor cupidatat ea nulla tempor velit aliqua ea reprehenderit. Dolore eiusmod sunt aute mollit mollit fugiat pariatur sit et.,"Friday, April 6, 2018 7:48 AM",-47.592246,53.036537,cillum,eiusmod,pariatur,non,adipisicing,0,1,2,3,4,5,6,7,8,9,0,Oneil Sims,1,Rhoda Maldonado,2,Strong Valentine,"Hello, Pratt! You have 10 unread messages.",banana
5db32d378d23eaa82b6e462b,9,714e519d-1cbd-45da-b460-02219d67c0cb,false,"$3,287.43",http://placehold.it/32x32,31,blue,Bertie,Ford,ZILENCIO,bertie.ford@zilencio.org,+1 (935) 578-3165,"330 Sunnyside Court, Canby, Iowa, 8334",Eiusmod Lorem commodo ad reprehenderit duis sint Lorem nisi aute ad veniam esse ea. Officia duis minim nisi excepteur ullamco dolore cillum. Excepteur cillum occaecat mollit labore cillum sunt adipisicing. Do sunt est incididunt do sit. Officia velit voluptate sit sit ipsum ad magna tempor occaecat occaecat duis.,"Saturday, March 17, 2018 7:40 AM",-30.7511,-53.336061,sint,anim,ea,ipsum,dolor,0,1,2,3,4,5,6,7,8,9,0,Ramos Booker,1,Lucas Bartlett,2,Donovan Stuart,"Hello, Bertie! You have 9 unread messages.",banana
5db32d37db095f36bd1dba1f,10,8e4efb92-7474-4d5f-ba71-b5dd8eb6d9a2,true,"$2,197.03",http://placehold.it/32x32,23,brown,Mcmillan,Wolf,EGYPTO,mcmillan.wolf@egypto.ca,+1 (847) 545-2734,"281 Hudson Avenue, Kenvil, North Carolina, 8518",Laborum reprehenderit consequat minim Lorem nulla non incididunt consequat incididunt labore. Reprehenderit fugiat dolor ex culpa et reprehenderit consectetur sit occaecat. Laboris cillum sunt commodo et pariatur ut dolore proident laboris occaecat exercitation reprehenderit.,"Friday, November 25, 2016 11:38 AM",0.068603,-37.221524,in,eu,laborum,exercitation,id,0,1,2,3,4,5,6,7,8,9,0,Melinda Fischer,1,Janis Pena,2,Minerva Battle,"Hello, Mcmillan! You have 7 unread messages.",strawberry
